Industry,Industry_code
Accomodation and food services,ACCO
Activities of households as employers; undifferentiated goods- and services-producing activities of households for own use,ACTI
Administrative and support services,ADMI
"Agriculture, Forestry and Fishing",AGRI
Air transport,AIR 
"Arts, entertainment and recreation",ARTS
Basic metals,BASI
Chemicals and pharmaceutical products,CHEM
Coke and refined petroleum products,COKE
"Computer, electronic and optical products",COMP
Construction,CONS
Education,EDUC
Electrical equipment,ELEC
"Electricity, gas, steam and air conditioning supply",ELEG
Fabricated metal products,FABR
Financial and insurance activities,FINA
Fishing and aquaculture,FISH
"Food products, beverages and tobacco",FOOD
Human health and social work activities,HUMA
IT and other information services,IT A
Land transport and transport via pipelines,LAND
Machinery and equipment n.e.c.,MACH
Manufacturing,MANU
Mining,MINI
"Mining and quarrying, non-energy producing products",MIN1
Mining support service activities,MIN2
"Motor vehicles, trailers and semi-trailers",MOTO
Other non-metallic mineral products,OTHE
Other service activities,OTHR
Transportation and Storage,TRAN
Paper products and printing,PAPE
"Pharmaceuticals, medicinal chemical and botanical products",PHAR
Postal and courier activities,POST
"Professional, scientific and technical activities",PROF
Public administration and defence; compulsory social security,PUBL
"Publishing, audiovisual and broadcasting activities",PUBI
Real estate activities,REAL
Rubber and plastics products,RUBB
Telecommunications,TELE
"Textiles, textile products, leather and footwear",TEXT
Warehousing and support activities for transportation,WARE
"Water supply; sewerage, waste management and remediation activities",WATE
Water transport,WATY
Wholesale and retail trade; repair of motor vehicles,WHOL
Wood and products of wood and cork,WOOD
