Country,Year,tem_change
Argentina,1961,0.122
Australia,1961,0.157
Brazil,1961,0.167
Canada,1961,0.057
France,1961,0.827
Germany,1961,0.99
India,1961,-0.208
Italy,1961,0.805
Japan,1961,0.668
Saudi Arabia,1961,-0.157
Spain,1961,0.728
Switzerland,1961,0.988
United Kingdom,1961,0.491
United States,1961,0.003
Argentina,1962,-0.046
Australia,1962,0.126
Brazil,1962,-0.184
Canada,1962,-0.118
France,1962,-0.301
Germany,1962,-0.75
India,1962,-0.479
Italy,1962,0.025
Japan,1962,0.125
Saudi Arabia,1962,0.688
Spain,1962,0.411
Switzerland,1962,-0.357
United Kingdom,1962,-0.734
United States,1962,-0.026
Argentina,1963,0.162
Australia,1963,-0.096
Brazil,1963,0.158
Canada,1963,0.335
France,1963,-0.955
Germany,1963,-1.084
India,1963,-0.03
Italy,1963,-0.365
Japan,1963,-0.053
Saudi Arabia,1963,0.488
Spain,1963,-0.233
Switzerland,1963,-0.87
United Kingdom,1963,-0.868
United States,1963,0.418
Argentina,1964,-0.343
Australia,1964,-0.012
Brazil,1964,-0.213
Canada,1964,-0.299
France,1964,0.025
Germany,1964,-0.328
India,1964,-0.03
Italy,1964,0.131
Japan,1964,0.266
Saudi Arabia,1964,-0.47
Spain,1964,0.486
Switzerland,1964,0.137
United Kingdom,1964,0.025
United States,1964,-0.282
Argentina,1965,0.09
Australia,1965,0.14
Brazil,1965,-0.075
Canada,1965,-0.867
France,1965,-0.625
Germany,1965,-0.814
India,1965,-0.072
Italy,1965,-0.431
Japan,1965,-0.519
Saudi Arabia,1965,0.16
Spain,1965,-0.2
Switzerland,1965,-0.791
United Kingdom,1965,-0.575
United States,1965,-0.362
Argentina,1966,-0.163
Australia,1966,-0.23
Brazil,1966,0.044
Canada,1966,-0.152
France,1966,0.421
Germany,1966,0.407
India,1966,0.29
Italy,1966,0.307
Japan,1966,0.019
Saudi Arabia,1966,0.65
Spain,1966,0.392
Switzerland,1966,0.466
United Kingdom,1966,-0.137
United States,1966,-0.214
Argentina,1967,0.0
Australia,1967,-0.093
Brazil,1967,0.073
Canada,1967,-0.452
France,1967,0.494
Germany,1967,0.868
India,1967,-0.21
Italy,1967,0.301
Japan,1967,0.034
Saudi Arabia,1967,-0.69
Spain,1967,0.146
Switzerland,1967,0.554
United Kingdom,1967,0.22
United States,1967,0.076
Argentina,1968,0.472
Australia,1968,-0.203
Brazil,1968,-0.409
Canada,1968,0.476
France,1968,-0.073
Germany,1968,0.204
India,1968,-0.234
Italy,1968,0.011
Japan,1968,-0.498
Saudi Arabia,1968,-0.391
Spain,1968,0.093
Switzerland,1968,-0.062
United Kingdom,1968,-0.07
United States,1968,-0.073
Argentina,1969,0.292
Australia,1969,0.103
Brazil,1969,0.331
Canada,1969,-0.003
France,1969,0.024
Germany,1969,-0.111
India,1969,0.303
Italy,1969,-0.107
Japan,1969,-0.049
Saudi Arabia,1969,0.529
Spain,1969,-0.285
Switzerland,1969,-0.079
United Kingdom,1969,-0.213
United States,1969,-0.267
Argentina,1970,0.438
Australia,1970,-0.007
Brazil,1970,0.13
Canada,1970,0.426
France,1970,-0.092
Germany,1970,-0.832
India,1970,0.033
Italy,1970,-0.153
Japan,1970,-0.381
Saudi Arabia,1970,0.363
Spain,1970,0.131
Switzerland,1970,-0.486
United Kingdom,1970,-0.076
United States,1970,-0.03
Argentina,1971,-0.26
Australia,1971,-0.044
Brazil,1971,-0.134
Canada,1971,-0.023
France,1971,-0.161
Germany,1971,0.032
India,1971,-0.519
Italy,1971,-0.149
Japan,1971,-0.334
Saudi Arabia,1971,-0.428
Spain,1971,-0.741
Switzerland,1971,-0.069
United Kingdom,1971,0.254
United States,1971,-0.415
Argentina,1972,-0.008
Australia,1972,0.091
Brazil,1972,0.114
Canada,1972,-1.796
France,1972,-0.325
Germany,1972,-0.014
India,1972,0.012
Italy,1972,-0.132
Japan,1972,0.227
Saudi Arabia,1972,-0.559
Spain,1972,-0.825
Switzerland,1972,-0.061
United Kingdom,1972,-0.055
United States,1972,-0.252
Argentina,1973,-0.139
Australia,1973,0.831
Brazil,1973,0.443
Canada,1973,0.306
France,1973,0.059
Germany,1973,0.188
India,1973,0.332
Italy,1973,0.034
Japan,1973,0.325
Saudi Arabia,1973,-0.234
Spain,1973,-0.164
Switzerland,1973,-0.056
United Kingdom,1973,0.203
United States,1973,-0.013
Argentina,1974,-0.106
Australia,1974,-0.354
Brazil,1974,-0.179
Canada,1974,-0.846
France,1974,-0.081
Germany,1974,0.318
India,1974,0.034
Italy,1974,-0.115
Japan,1974,-0.488
Saudi Arabia,1974,-0.241
Spain,1974,-0.434
Switzerland,1974,0.089
United Kingdom,1974,-0.062
United States,1974,0.081
Argentina,1975,-0.021
Australia,1975,0.048
Brazil,1975,-0.14
Canada,1975,0.225
France,1975,0.483
Germany,1975,1.099
India,1975,-0.308
Italy,1975,0.075
Japan,1975,0.041
Saudi Arabia,1975,-0.316
Spain,1975,-0.091
Switzerland,1975,0.622
United Kingdom,1975,0.604
United States,1975,-0.389
Argentina,1976,-0.321
Australia,1976,-0.522
Brazil,1976,-0.185
Canada,1976,0.083
France,1976,0.368
Germany,1976,0.47
India,1976,0.003
Italy,1976,-0.32
Japan,1976,-0.506
Saudi Arabia,1976,-0.405
Spain,1976,-0.367
Switzerland,1976,0.367
United Kingdom,1976,0.729
United States,1976,-0.124
Argentina,1977,0.432
Australia,1977,0.176
Brazil,1977,0.252
Canada,1977,1.079
France,1977,0.015
Germany,1977,0.283
India,1977,0.155
Italy,1977,0.283
Japan,1977,-0.154
Saudi Arabia,1977,0.139
Spain,1977,-0.16
Switzerland,1977,0.172
United Kingdom,1977,-0.323
United States,1977,0.397
Argentina,1978,0.362
Australia,1978,0.062
Brazil,1978,0.03
Canada,1978,-0.605
France,1978,-0.216
Germany,1978,-0.173
India,1978,-0.15
Italy,1978,-0.537
Japan,1978,0.232
Saudi Arabia,1978,-0.22
Spain,1978,0.101
Switzerland,1978,-0.362
United Kingdom,1978,0.07
United States,1978,0.035
Argentina,1979,0.266
Australia,1979,0.375
Brazil,1979,0.017
Canada,1979,-0.214
France,1979,-0.187
Germany,1979,-0.64
India,1979,0.305
Italy,1979,0.022
Japan,1979,0.458
Saudi Arabia,1979,0.873
Spain,1979,0.276
Switzerland,1979,-0.063
United Kingdom,1979,-0.781
United States,1979,-0.306
Argentina,1980,0.373
Australia,1980,0.887
Brazil,1980,0.313
Canada,1980,0.917
France,1980,-0.217
Germany,1980,-0.186
India,1980,0.401
Italy,1980,-0.421
Japan,1980,-0.206
Saudi Arabia,1980,0.047
Spain,1980,0.186
Switzerland,1980,-0.194
United Kingdom,1980,-0.022
United States,1980,0.412
Argentina,1981,0.378
Australia,1981,0.495
Brazil,1981,0.191
Canada,1981,1.562
France,1981,0.097
Germany,1981,0.296
India,1981,0.072
Italy,1981,-0.279
Japan,1981,-0.631
Saudi Arabia,1981,0.077
Spain,1981,0.344
Switzerland,1981,-0.016
United Kingdom,1981,0.176
United States,1981,0.871
Argentina,1982,0.359
Australia,1982,0.186
Brazil,1982,0.277
Canada,1982,-0.673
France,1982,0.812
Germany,1982,0.439
India,1982,-0.017
Italy,1982,0.511
Japan,1982,-0.041
Saudi Arabia,1982,-0.397
Spain,1982,0.709
Switzerland,1982,0.579
United Kingdom,1982,0.118
United States,1982,-0.343
Argentina,1983,0.046
Australia,1983,0.633
Brazil,1983,0.471
Canada,1983,0.488
France,1983,0.721
Germany,1983,1.071
India,1983,-0.135
Italy,1983,0.384
Japan,1983,0.107
Saudi Arabia,1983,-0.847
Spain,1983,0.55
Switzerland,1983,0.869
United Kingdom,1983,0.348
United States,1983,0.54
Argentina,1984,-0.1
Australia,1984,-0.157
Brazil,1984,0.294
Canada,1984,0.337
France,1984,-0.082
Germany,1984,-0.11
India,1984,-0.107
Italy,1984,-0.468
Japan,1984,-0.605
Saudi Arabia,1984,-0.309
Spain,1984,-0.163
Switzerland,1984,-0.33
United Kingdom,1984,0.337
United States,1984,-0.233
Argentina,1985,0.308
Australia,1985,0.349
Brazil,1985,0.092
Canada,1985,-0.311
France,1985,-0.338
Germany,1985,-0.8
India,1985,0.211
Italy,1985,0.117
Japan,1985,0.13
Saudi Arabia,1985,-0.019
Spain,1985,0.484
Switzerland,1985,-0.328
United Kingdom,1985,-0.522
United States,1985,-0.025
Argentina,1986,0.46
Australia,1986,0.388
Brazil,1986,0.285
Canada,1986,0.011
France,1986,-0.003
Germany,1986,-0.007
India,1986,0.19
Italy,1986,0.436
Japan,1986,-0.686
Saudi Arabia,1986,0.19
Spain,1986,0.259
Switzerland,1986,0.242
United Kingdom,1986,-0.594
United States,1986,0.584
Argentina,1987,0.446
Australia,1987,0.363
Brazil,1987,0.722
Canada,1987,1.34
France,1987,0.001
Germany,1987,-0.561
India,1987,0.578
Italy,1987,0.192
Japan,1987,0.326
Saudi Arabia,1987,0.532
Spain,1987,0.724
Switzerland,1987,-0.01
United Kingdom,1987,-0.283
United States,1987,0.913
Argentina,1988,-0.192
Australia,1988,0.96
Brazil,1988,0.461
Canada,1988,1.204
France,1988,0.773
Germany,1988,0.893
India,1988,0.504
Italy,1988,0.842
Japan,1988,-0.154
Saudi Arabia,1988,0.452
Spain,1988,0.796
Switzerland,1988,0.916
United Kingdom,1988,0.307
United States,1988,0.471
Argentina,1989,0.611
Australia,1989,0.153
Brazil,1989,0.13
Canada,1989,0.017
France,1989,1.278
Germany,1989,1.491
India,1989,-0.018
Italy,1989,0.417
Japan,1989,0.556
Saudi Arabia,1989,-0.112
Spain,1989,1.039
Switzerland,1989,1.142
United Kingdom,1989,1.145
United States,1989,0.324
Argentina,1990,0.436
Australia,1990,0.549
Brazil,1990,0.435
Canada,1990,0.078
France,1990,1.591
Germany,1990,1.571
India,1990,-0.081
Italy,1990,1.132
Japan,1990,1.132
Saudi Arabia,1990,0.095
Spain,1990,1.446
Switzerland,1990,1.417
United Kingdom,1990,1.016
United States,1990,0.674
Argentina,1991,0.261
Australia,1991,0.82
Brazil,1991,0.468
Canada,1991,0.336
France,1991,0.257
Germany,1991,0.286
India,1991,0.19
Italy,1991,0.029
Japan,1991,0.726
Saudi Arabia,1991,0.376
Spain,1991,0.209
Switzerland,1991,0.328
United Kingdom,1991,0.21
United States,1991,0.527
Argentina,1992,-0.261
Australia,1992,0.281
Brazil,1992,0.403
Canada,1992,0.1
France,1992,0.659
Germany,1992,1.228
India,1992,0.035
Italy,1992,0.542
Japan,1992,0.333
Saudi Arabia,1992,-0.985
Spain,1992,0.305
Switzerland,1992,0.969
United Kingdom,1992,0.522
United States,1992,0.395
Argentina,1993,0.086
Australia,1993,0.484
Brazil,1993,0.495
Canada,1993,0.342
France,1993,0.325
Germany,1993,0.31
India,1993,0.223
Italy,1993,0.527
Japan,1993,0.012
Saudi Arabia,1993,-0.186
Spain,1993,-0.059
Switzerland,1993,0.562
United Kingdom,1993,-0.015
United States,1993,0.004
Argentina,1994,0.487
Australia,1994,0.221
Brazil,1994,0.608
Canada,1994,0.467
France,1994,1.547
Germany,1994,1.625
India,1994,0.107
Italy,1994,1.513
Japan,1994,0.965
Saudi Arabia,1994,0.655
Spain,1994,1.044
Switzerland,1994,1.859
United Kingdom,1994,0.413
United States,1994,0.466
Argentina,1995,0.259
Australia,1995,0.413
Brazil,1995,0.799
Canada,1995,0.938
France,1995,1.326
Germany,1995,1.307
India,1995,0.238
Italy,1995,0.418
Japan,1995,0.348
Saudi Arabia,1995,0.193
Spain,1995,1.444
Switzerland,1995,1.001
United Kingdom,1995,1.119
United States,1995,0.63
Argentina,1996,0.512
Australia,1996,0.604
Brazil,1996,0.504
Canada,1996,-0.125
France,1996,0.188
Germany,1996,-0.699
India,1996,0.339
Italy,1996,0.233
Japan,1996,-0.127
Saudi Arabia,1996,0.58
Spain,1996,0.722
Switzerland,1996,0.029
United Kingdom,1996,-0.142
United States,1996,-0.011
Argentina,1997,0.759
Australia,1997,0.383
Brazil,1997,0.671
Canada,1997,0.426
France,1997,1.24
Germany,1997,0.558
India,1997,-0.064
Italy,1997,0.931
Japan,1997,0.454
Saudi Arabia,1997,0.01
Spain,1997,1.535
Switzerland,1997,1.063
United Kingdom,1997,0.882
United States,1997,0.384
Argentina,1998,0.351
Australia,1998,1.092
Brazil,1998,1.234
Canada,1998,2.47
France,1998,0.947
Germany,1998,1.153
India,1998,0.614
Italy,1998,0.969
Japan,1998,1.199
Saudi Arabia,1998,1.035
Spain,1998,1.189
Switzerland,1998,1.111
United Kingdom,1998,0.86
United States,1998,1.272
Argentina,1999,0.16
Australia,1999,0.58
Brazil,1999,0.523
Canada,1999,1.694
France,1999,1.199
Germany,1999,1.367
India,1999,0.468
Italy,1999,0.918
Japan,1999,0.948
Saudi Arabia,1999,1.489
Spain,1999,0.814
Switzerland,1999,0.98
United Kingdom,1999,1.133
United States,1999,0.758
Argentina,2000,-0.186
Australia,2000,0.148
Brazil,2000,0.495
Canada,2000,1.291
France,2000,1.175
Germany,2000,1.764
India,2000,0.35
Italy,2000,1.243
Japan,2000,0.636
Saudi Arabia,2000,0.787
Spain,2000,0.81
Switzerland,2000,1.42
United Kingdom,2000,0.724
United States,2000,1.0
Argentina,2001,0.425
Australia,2001,0.336
Brazil,2001,0.746
Canada,2001,1.421
France,2001,1.391
Germany,2001,1.292
India,2001,0.473
Italy,2001,1.533
Japan,2001,0.418
Saudi Arabia,2001,0.884
Spain,2001,1.406
Switzerland,2001,1.45
United Kingdom,2001,0.631
United States,2001,0.786
Argentina,2002,0.278
Australia,2002,0.736
Brazil,2002,1.052
Canada,2002,0.54
France,2002,1.054
Germany,2002,1.491
India,2002,0.827
Italy,2002,0.913
Japan,2002,0.63
Saudi Arabia,2002,1.092
Spain,2002,0.812
Switzerland,2002,1.258
United Kingdom,2002,1.011
United States,2002,0.951
Argentina,2003,0.635
Australia,2003,0.835
Brazil,2003,0.927
Canada,2003,1.24
France,2003,1.8
Germany,2003,1.258
India,2003,0.665
Italy,2003,1.526
Japan,2003,0.326
Saudi Arabia,2003,0.981
Spain,2003,1.598
Switzerland,2003,1.848
United Kingdom,2003,1.194
United States,2003,0.99
Argentina,2004,0.47
Australia,2004,0.723
Brazil,2004,0.768
Canada,2004,0.485
France,2004,0.969
Germany,2004,0.998
India,2004,0.545
Italy,2004,0.746
Japan,2004,1.116
Saudi Arabia,2004,0.975
Spain,2004,1.004
Switzerland,2004,0.974
United Kingdom,2004,1.035
United States,2004,0.863
Argentina,2005,0.281
Australia,2005,1.211
Brazil,2005,1.085
Canada,2005,1.282
France,2005,1.02
Germany,2005,1.025
India,2005,0.567
Italy,2005,0.563
Japan,2005,0.737
Saudi Arabia,2005,0.542
Spain,2005,0.902
Switzerland,2005,0.808
United Kingdom,2005,1.116
United States,2005,1.153
Argentina,2006,0.596
Australia,2006,0.721
Brazil,2006,0.77
Canada,2006,2.343
France,2006,1.306
Germany,2006,1.254
India,2006,0.638
Italy,2006,0.84
Japan,2006,0.39
Saudi Arabia,2006,1.202
Spain,2006,1.526
Switzerland,2006,1.091
United Kingdom,2006,1.25
United States,2006,1.026
Argentina,2007,-0.169
Australia,2007,0.929
Brazil,2007,0.969
Canada,2007,1.333
France,2007,1.407
Germany,2007,2.088
India,2007,0.607
Italy,2007,1.552
Japan,2007,1.004
Saudi Arabia,2007,0.706
Spain,2007,0.835
Switzerland,2007,1.804
United Kingdom,2007,1.332
United States,2007,1.143
Argentina,2008,0.601
Australia,2008,0.625
Brazil,2008,0.731
Canada,2008,0.851
France,2008,0.992
Germany,2008,1.542
India,2008,0.263
Italy,2008,1.133
Japan,2008,0.671
Saudi Arabia,2008,0.906
Spain,2008,0.864
Switzerland,2008,1.195
United Kingdom,2008,0.838
United States,2008,0.212
Argentina,2009,0.857
Australia,2009,1.03
Brazil,2009,0.969
Canada,2009,0.539
France,2009,1.212
Germany,2009,1.282
India,2009,1.134
Italy,2009,1.234
Japan,2009,0.801
Saudi Arabia,2009,1.028
Spain,2009,1.36
Switzerland,2009,1.371
United Kingdom,2009,0.948
United States,2009,0.398
Argentina,2010,0.135
Australia,2010,0.673
Brazil,2010,1.112
Canada,2010,2.915
France,2010,0.395
Germany,2010,0.196
India,2010,1.129
Italy,2010,0.755
Japan,2010,0.922
Saudi Arabia,2010,2.18
Spain,2010,0.908
Switzerland,2010,0.459
United Kingdom,2010,-0.05
United States,2010,0.695
Argentina,2011,0.386
Australia,2011,0.208
Brazil,2011,0.814
Canada,2011,1.438
France,2011,1.534
Germany,2011,1.121
India,2011,0.365
Italy,2011,1.253
Japan,2011,0.596
Saudi Arabia,2011,0.893
Spain,2011,1.613
Switzerland,2011,1.667
United Kingdom,2011,0.851
United States,2011,0.537
Argentina,2012,0.798
Australia,2012,0.308
Brazil,2012,1.023
Canada,2012,2.144
France,2012,1.22
Germany,2012,1.349
India,2012,0.516
Italy,2012,1.543
Japan,2012,0.395
Saudi Arabia,2012,1.241
Spain,2012,1.043
Switzerland,2012,1.512
United Kingdom,2012,0.576
United States,2012,1.448
Argentina,2013,0.442
Australia,2013,1.499
Brazil,2013,0.922
Canada,2013,1.182
France,2013,0.714
Germany,2013,0.583
India,2013,0.451
Italy,2013,1.006
Japan,2013,0.628
Saudi Arabia,2013,1.204
Spain,2013,0.906
Switzerland,2013,0.782
United Kingdom,2013,0.364
United States,2013,0.614
Argentina,2014,0.951
Australia,2014,1.198
Brazil,2014,1.153
Canada,2014,0.288
France,2014,2.049
Germany,2014,2.519
India,2014,0.53
Italy,2014,1.638
Japan,2014,0.56
Saudi Arabia,2014,1.249
Spain,2014,1.603
Switzerland,2014,2.169
United Kingdom,2014,1.718
United States,2014,0.501
Argentina,2015,0.957
Australia,2015,1.087
Brazil,2015,1.516
Canada,2015,1.231
France,2015,1.612
Germany,2015,1.674
India,2015,0.711
Italy,2015,1.704
Japan,2015,0.833
Saudi Arabia,2015,1.867
Spain,2015,1.533
Switzerland,2015,1.972
United Kingdom,2015,0.614
United States,2015,1.531
Argentina,2016,0.488
Australia,2016,1.172
Brazil,2016,1.457
Canada,2016,2.373
France,2016,1.794
Germany,2016,1.988
India,2016,1.088
Italy,2016,1.716
Japan,2016,1.323
Saudi Arabia,2016,1.533
Spain,2016,1.714
Switzerland,2016,1.859
United Kingdom,2016,1.161
United States,2016,2.224
Argentina,2017,1.095
Australia,2017,1.141
Brazil,2017,1.363
Canada,2017,1.48
France,2017,1.796
Germany,2017,1.653
India,2017,0.966
Italy,2017,1.606
Japan,2017,0.796
Saudi Arabia,2017,1.78
Spain,2017,2.036
Switzerland,2017,1.837
United Kingdom,2017,1.424
United States,2017,1.433
Argentina,2018,0.878
Australia,2018,1.129
Brazil,2018,1.148
Canada,2018,0.477
France,2018,2.06
Germany,2018,2.393
India,2018,0.874
Italy,2018,1.834
Japan,2018,0.926
Saudi Arabia,2018,1.887
Spain,2018,1.149
Switzerland,2018,2.343
United Kingdom,2018,0.998
United States,2018,1.276
Argentina,2019,0.76
Australia,2019,1.422
Brazil,2019,1.517
Canada,2019,1.311
France,2019,2.023
Germany,2019,2.332
India,2019,0.802
Italy,2019,1.698
Japan,2019,1.272
Saudi Arabia,2019,1.69
Spain,2019,1.534
Switzerland,2019,2.096
United Kingdom,2019,1.231
United States,2019,1.034
Argentina,2020,1.123
Australia,2020,1.416
Brazil,2020,1.477
Canada,2020,1.128
France,2020,2.551
Germany,2020,2.516
India,2020,0.52
Italy,2020,1.902
Japan,2020,1.437
Saudi Arabia,2020,1.488
Spain,2020,2.083
Switzerland,2020,2.514
United Kingdom,2020,1.373
United States,2020,1.324
Argentina,2021,1.031
Australia,2021,0.629
Brazil,2021,1.154
Canada,2021,2.515
France,2021,1.337
Germany,2021,1.325
India,2021,0.733
Italy,2021,1.569
Japan,2021,1.27
Saudi Arabia,2021,2.203
Spain,2021,1.431
Switzerland,2021,1.181
United Kingdom,2021,0.929
United States,2021,1.144
Argentina,2022,0.643
Australia,2022,0.754
Brazil,2022,0.926
Canada,2022,1.268
France,2022,2.929
Germany,2022,2.596
India,2022,0.79
Italy,2022,2.135
Japan,2022,1.335
Saudi Arabia,2022,1.745
Spain,2022,2.489
Switzerland,2022,2.798
United Kingdom,2022,1.911
United States,2022,1.217
