Year,Unit,emission,date
1991,Percent,0.3,1
1991,Percent,0.2,2
1991,Percent,0.44,3
1991,Percent,0.67,4
1991,Percent,0.52,5
1991,Percent,0.52,6
1991,Percent,0.4,7
1991,Percent,0.26,8
1991,Percent,0.27,9
1991,Percent,0.21,10
1991,Percent,0.21,11
1991,Percent,0.23,12
1992,Percent,0.4,1
1992,Percent,0.39,2
1992,Percent,0.18,3
1992,Percent,0.13,4
1992,Percent,0.13,5
1992,Percent,0.34,6
1992,Percent,0.24,7
1992,Percent,0.29,8
1992,Percent,0.19,9
1992,Percent,0.28,10
1992,Percent,0.15,11
1992,Percent,0.13,12
1993,Percent,0.21,1
1993,Percent,0.06,2
1993,Percent,0.17,3
1993,Percent,0.05,4
1993,Percent,0.16,5
1993,Percent,0.06,6
1993,Percent,0.09,7
1993,Percent,0.22,8
1993,Percent,0.32,9
1993,Percent,0.23,10
1993,Percent,0.31,11
1993,Percent,0.38,12
1994,Percent,0.35,1
1994,Percent,0.45,2
1994,Percent,0.42,3
1994,Percent,0.55,4
1994,Percent,0.41,5
1994,Percent,0.36,6
1994,Percent,0.57,7
1994,Percent,0.51,8
1994,Percent,0.49,9
1994,Percent,0.56,10
1994,Percent,0.6,11
1994,Percent,0.58,12
1995,Percent,0.47,1
1995,Percent,0.55,2
1995,Percent,0.52,3
1995,Percent,0.58,4
1995,Percent,0.57,5
1995,Percent,0.66,6
1995,Percent,0.63,7
1995,Percent,0.49,8
1995,Percent,0.69,9
1995,Percent,0.54,10
1995,Percent,0.55,11
1995,Percent,0.48,12
1996,Percent,0.6,1
1996,Percent,0.65,2
1996,Percent,0.64,3
1996,Percent,0.34,4
1996,Percent,0.39,5
1996,Percent,0.48,6
1996,Percent,0.53,7
1996,Percent,0.62,8
1996,Percent,0.38,9
1996,Percent,0.44,10
1996,Percent,0.4,11
1996,Percent,0.44,12
1997,Percent,0.29,1
1997,Percent,0.23,2
1997,Percent,0.1,3
1997,Percent,0.49,4
1997,Percent,0.42,5
1997,Percent,0.18,6
1997,Percent,0.21,7
1997,Percent,0.24,8
1997,Percent,0.21,9
1997,Percent,0.35,10
1997,Percent,0.45,11
1997,Percent,0.59,12
1998,Percent,0.59,1
1998,Percent,0.52,2
1998,Percent,0.74,3
1998,Percent,0.63,4
1998,Percent,0.76,5
1998,Percent,0.93,6
1998,Percent,0.97,7
1998,Percent,1.02,8
1998,Percent,1.03,9
1998,Percent,0.99,10
1998,Percent,0.83,11
1998,Percent,0.77,12
1999,Percent,0.81,1
1999,Percent,0.87,2
1999,Percent,0.68,3
1999,Percent,0.64,4
1999,Percent,0.42,5
1999,Percent,0.36,6
1999,Percent,0.44,7
1999,Percent,0.26,8
1999,Percent,0.22,9
1999,Percent,0.27,10
1999,Percent,0.33,11
1999,Percent,0.26,12
2000,Percent,0.3,1
2000,Percent,0.12,2
2000,Percent,0.25,3
2000,Percent,0.22,4
2000,Percent,0.17,5
2000,Percent,0.38,6
2000,Percent,0.11,7
2000,Percent,0.33,8
2000,Percent,0.6,9
2000,Percent,0.45,10
2000,Percent,0.45,11
2000,Percent,0.43,12
2001,Percent,0.35,1
2001,Percent,0.54,2
2001,Percent,0.51,3
2001,Percent,0.42,4
2001,Percent,0.61,5
2001,Percent,0.41,6
2001,Percent,0.45,7
2001,Percent,0.41,8
2001,Percent,0.32,9
2001,Percent,0.39,10
2001,Percent,0.38,11
2001,Percent,0.43,12
2002,Percent,0.52,1
2002,Percent,0.45,2
2002,Percent,0.45,3
2002,Percent,0.44,4
2002,Percent,0.51,5
2002,Percent,0.61,6
2002,Percent,0.67,7
2002,Percent,0.61,8
2002,Percent,0.7,9
2002,Percent,0.58,10
2002,Percent,0.67,11
2002,Percent,0.69,12
2003,Percent,0.64,1
2003,Percent,0.66,2
2003,Percent,0.63,3
2003,Percent,0.73,4
2003,Percent,0.76,5
2003,Percent,0.74,6
2003,Percent,0.73,7
2003,Percent,0.68,8
2003,Percent,0.65,9
2003,Percent,0.7,10
2003,Percent,0.65,11
2003,Percent,0.59,12
2004,Percent,0.56,1
2004,Percent,0.59,2
2004,Percent,0.64,3
2004,Percent,0.69,4
2004,Percent,0.53,5
2004,Percent,0.37,6
2004,Percent,0.2,7
2004,Percent,0.43,8
2004,Percent,0.29,9
2004,Percent,0.35,10
2004,Percent,0.4,11
2004,Percent,0.4,12
2005,Percent,0.39,1
2005,Percent,0.49,2
2005,Percent,0.5,3
2005,Percent,0.51,4
2005,Percent,0.48,5
2005,Percent,0.67,6
2005,Percent,0.87,7
2005,Percent,0.73,8
2005,Percent,0.66,9
2005,Percent,0.68,10
2005,Percent,0.59,11
2005,Percent,0.7,12
2006,Percent,0.78,1
2006,Percent,0.66,2
2006,Percent,0.5,3
2006,Percent,0.61,4
2006,Percent,0.67,5
2006,Percent,0.48,6
2006,Percent,0.45,7
2006,Percent,0.44,8
2006,Percent,0.57,9
2006,Percent,0.57,10
2006,Percent,0.48,11
2006,Percent,0.45,12
2007,Percent,0.4,1
2007,Percent,0.45,2
2007,Percent,0.51,3
2007,Percent,0.5,4
2007,Percent,0.4,5
2007,Percent,0.54,6
2007,Percent,0.54,7
2007,Percent,0.43,8
2007,Percent,0.57,9
2007,Percent,0.54,10
2007,Percent,0.62,11
2007,Percent,0.57,12
2008,Percent,0.7,1
2008,Percent,0.51,2
2008,Percent,0.38,3
2008,Percent,0.16,4
2008,Percent,0.52,5
2008,Percent,0.43,6
2008,Percent,0.49,7
2008,Percent,0.54,8
2008,Percent,0.58,9
2008,Percent,0.48,10
2008,Percent,0.45,11
2008,Percent,0.42,12
2009,Percent,0.36,1
2009,Percent,0.42,2
2009,Percent,0.71,3
2009,Percent,0.62,4
2009,Percent,0.41,5
2009,Percent,0.44,6
2009,Percent,0.42,7
2009,Percent,0.51,8
2009,Percent,0.4,9
2009,Percent,0.37,10
2009,Percent,0.47,11
2009,Percent,0.48,12
2010,Percent,0.45,1
2010,Percent,0.7,2
2010,Percent,0.6,3
2010,Percent,0.75,4
2010,Percent,0.73,5
2010,Percent,0.69,6
2010,Percent,0.56,7
2010,Percent,0.58,8
2010,Percent,0.54,9
2010,Percent,0.73,10
2010,Percent,0.68,11
2010,Percent,0.61,12
2011,Percent,0.67,1
2011,Percent,0.42,2
2011,Percent,0.37,3
2011,Percent,0.2,4
2011,Percent,0.31,5
2011,Percent,0.4,6
2011,Percent,0.59,7
2011,Percent,0.46,8
2011,Percent,0.58,9
2011,Percent,0.45,10
2011,Percent,0.41,11
2011,Percent,0.53,12
2012,Percent,0.46,1
2012,Percent,0.51,2
2012,Percent,0.46,3
2012,Percent,0.75,4
2012,Percent,0.64,5
2012,Percent,0.5,6
2012,Percent,0.47,7
2012,Percent,0.58,8
2012,Percent,0.52,9
2012,Percent,0.53,10
2012,Percent,0.7,11
2012,Percent,0.64,12
2013,Percent,0.63,1
2013,Percent,0.76,2
2013,Percent,0.78,3
2013,Percent,0.57,4
2013,Percent,0.78,5
2013,Percent,0.73,6
2013,Percent,0.75,7
2013,Percent,0.71,8
2013,Percent,0.61,9
2013,Percent,0.67,10
2013,Percent,0.55,11
2013,Percent,0.62,12
2014,Percent,0.57,1
2014,Percent,0.31,2
2014,Percent,0.57,3
2014,Percent,0.72,4
2014,Percent,0.48,5
2014,Percent,0.66,6
2014,Percent,0.44,7
2014,Percent,0.45,8
2014,Percent,0.46,9
2014,Percent,0.57,10
2014,Percent,0.52,11
2014,Percent,0.52,12
2015,Percent,0.54,1
2015,Percent,0.57,2
2015,Percent,0.46,3
2015,Percent,0.46,4
2015,Percent,0.54,5
2015,Percent,0.38,6
2015,Percent,0.55,7
2015,Percent,0.49,8
2015,Percent,0.58,9
2015,Percent,0.59,10
2015,Percent,0.72,11
2015,Percent,0.75,12
2016,Percent,0.64,1
2016,Percent,0.92,2
2016,Percent,0.83,3
2016,Percent,1.06,4
2016,Percent,0.93,5
2016,Percent,1.0,6
2016,Percent,0.78,7
2016,Percent,0.84,8
2016,Percent,0.86,9
2016,Percent,0.83,10
2016,Percent,0.86,11
2016,Percent,0.64,12
2017,Percent,0.9,1
2017,Percent,0.6,2
2017,Percent,0.61,3
2017,Percent,0.4,4
2017,Percent,0.49,5
2017,Percent,0.51,6
2017,Percent,0.68,7
2017,Percent,0.71,8
2017,Percent,0.58,9
2017,Percent,0.51,10
2017,Percent,0.39,11
2017,Percent,0.58,12
2018,Percent,0.44,1
2018,Percent,0.46,2
2018,Percent,0.5,3
2018,Percent,0.3,4
2018,Percent,0.38,5
2018,Percent,0.47,6
2018,Percent,0.39,7
2018,Percent,0.45,8
2018,Percent,0.53,9
2018,Percent,0.59,10
2018,Percent,0.72,11
2018,Percent,0.56,12
2019,Percent,0.71,1
2019,Percent,0.84,2
2019,Percent,0.63,3
2019,Percent,0.75,4
2019,Percent,0.83,5
2019,Percent,0.77,6
2019,Percent,0.75,7
2019,Percent,0.74,8
2019,Percent,0.75,9
2019,Percent,0.63,10
2019,Percent,0.56,11
2019,Percent,0.66,12
2020,Percent,0.63,1
2020,Percent,0.58,2
2020,Percent,0.62,3
2020,Percent,0.7,4
2020,Percent,0.59,5
2020,Percent,0.59,6
2020,Percent,0.64,7
2020,Percent,0.63,8
2020,Percent,0.68,9
2020,Percent,0.68,10
2020,Percent,0.64,11
2020,Percent,0.55,12
2021,Percent,0.46,1
2021,Percent,0.58,2
2021,Percent,0.7,3
2021,Percent,0.62,4
2021,Percent,0.44,5
2021,Percent,0.56,6
2021,Percent,0.56,7
2021,Percent,0.41,8
2021,Percent,0.43,9
2021,Percent,0.59,10
2021,Percent,0.46,11
2021,Percent,0.59,12
2022,Percent,0.64,1
2022,Percent,0.61,2
2022,Percent,0.28,3
2022,Percent,0.28,4
2022,Percent,0.44,5
2022,Percent,0.49,6
2022,Percent,0.47,7
2022,Percent,0.66,8
2022,Percent,0.64,9
2022,Percent,0.45,10
2022,Percent,0.6,11
2022,Percent,0.54,12
2023,Percent,0.31,1
2023,Percent,0.24,2
2023,Percent,0.52,3
2023,Percent,0.74,4
2023,Percent,0.71,5
