Year,Unit,emission,date
1991,Parts Per Million,354.93,1
1991,Parts Per Million,355.82,2
1991,Parts Per Million,357.33,3
1991,Parts Per Million,358.77,4
1991,Parts Per Million,359.23,5
1991,Parts Per Million,358.23,6
1991,Parts Per Million,356.3,7
1991,Parts Per Million,353.97,8
1991,Parts Per Million,352.34,9
1991,Parts Per Million,352.43,10
1991,Parts Per Million,353.89,11
1991,Parts Per Million,355.21,12
1992,Parts Per Million,356.34,1
1992,Parts Per Million,357.21,2
1992,Parts Per Million,357.97,3
1992,Parts Per Million,359.22,4
1992,Parts Per Million,359.71,5
1992,Parts Per Million,359.44,6
1992,Parts Per Million,357.15,7
1992,Parts Per Million,354.99,8
1992,Parts Per Million,353.01,9
1992,Parts Per Million,353.41,10
1992,Parts Per Million,354.42,11
1992,Parts Per Million,355.68,12
1993,Parts Per Million,357.1,1
1993,Parts Per Million,357.42,2
1993,Parts Per Million,358.59,3
1993,Parts Per Million,359.39,4
1993,Parts Per Million,360.3,5
1993,Parts Per Million,359.64,6
1993,Parts Per Million,357.46,7
1993,Parts Per Million,355.76,8
1993,Parts Per Million,354.14,9
1993,Parts Per Million,354.23,10
1993,Parts Per Million,355.53,11
1993,Parts Per Million,357.03,12
1994,Parts Per Million,358.36,1
1994,Parts Per Million,359.04,2
1994,Parts Per Million,360.11,3
1994,Parts Per Million,361.36,4
1994,Parts Per Million,361.78,5
1994,Parts Per Million,360.94,6
1994,Parts Per Million,359.51,7
1994,Parts Per Million,357.59,8
1994,Parts Per Million,355.86,9
1994,Parts Per Million,356.21,10
1994,Parts Per Million,357.65,11
1994,Parts Per Million,359.1,12
1995,Parts Per Million,360.04,1
1995,Parts Per Million,361.0,2
1995,Parts Per Million,361.98,3
1995,Parts Per Million,363.44,4
1995,Parts Per Million,363.83,5
1995,Parts Per Million,363.33,6
1995,Parts Per Million,361.78,7
1995,Parts Per Million,359.33,8
1995,Parts Per Million,358.32,9
1995,Parts Per Million,358.14,10
1995,Parts Per Million,359.61,11
1995,Parts Per Million,360.82,12
1996,Parts Per Million,362.2,1
1996,Parts Per Million,363.36,2
1996,Parts Per Million,364.28,3
1996,Parts Per Million,364.69,4
1996,Parts Per Million,365.25,5
1996,Parts Per Million,365.06,6
1996,Parts Per Million,363.69,7
1996,Parts Per Million,361.55,8
1996,Parts Per Million,359.69,9
1996,Parts Per Million,359.72,10
1996,Parts Per Million,361.04,11
1996,Parts Per Million,362.39,12
1997,Parts Per Million,363.24,1
1997,Parts Per Million,364.21,2
1997,Parts Per Million,364.65,3
1997,Parts Per Million,366.48,4
1997,Parts Per Million,366.77,5
1997,Parts Per Million,365.73,6
1997,Parts Per Million,364.46,7
1997,Parts Per Million,362.4,8
1997,Parts Per Million,360.44,9
1997,Parts Per Million,360.98,10
1997,Parts Per Million,362.65,11
1997,Parts Per Million,364.51,12
1998,Parts Per Million,365.39,1
1998,Parts Per Million,366.1,2
1998,Parts Per Million,367.36,3
1998,Parts Per Million,368.79,4
1998,Parts Per Million,369.56,5
1998,Parts Per Million,369.13,6
1998,Parts Per Million,367.98,7
1998,Parts Per Million,366.1,8
1998,Parts Per Million,364.16,9
1998,Parts Per Million,364.54,10
1998,Parts Per Million,365.67,11
1998,Parts Per Million,367.3,12
1999,Parts Per Million,368.35,1
1999,Parts Per Million,369.28,2
1999,Parts Per Million,369.84,3
1999,Parts Per Million,371.15,4
1999,Parts Per Million,371.12,5
1999,Parts Per Million,370.46,6
1999,Parts Per Million,369.61,7
1999,Parts Per Million,367.06,8
1999,Parts Per Million,364.95,9
1999,Parts Per Million,365.52,10
1999,Parts Per Million,366.88,11
1999,Parts Per Million,368.26,12
2000,Parts Per Million,369.45,1
2000,Parts Per Million,369.71,2
2000,Parts Per Million,370.75,3
2000,Parts Per Million,371.98,4
2000,Parts Per Million,371.75,5
2000,Parts Per Million,371.87,6
2000,Parts Per Million,370.02,7
2000,Parts Per Million,368.27,8
2000,Parts Per Million,367.15,9
2000,Parts Per Million,367.18,10
2000,Parts Per Million,368.53,11
2000,Parts Per Million,369.83,12
2001,Parts Per Million,370.76,1
2001,Parts Per Million,371.69,2
2001,Parts Per Million,372.63,3
2001,Parts Per Million,373.55,4
2001,Parts Per Million,374.03,5
2001,Parts Per Million,373.4,6
2001,Parts Per Million,371.68,7
2001,Parts Per Million,369.78,8
2001,Parts Per Million,368.34,9
2001,Parts Per Million,368.61,10
2001,Parts Per Million,369.94,11
2001,Parts Per Million,371.42,12
2002,Parts Per Million,372.7,1
2002,Parts Per Million,373.37,2
2002,Parts Per Million,374.3,3
2002,Parts Per Million,375.19,4
2002,Parts Per Million,375.93,5
2002,Parts Per Million,375.69,6
2002,Parts Per Million,374.16,7
2002,Parts Per Million,372.03,8
2002,Parts Per Million,370.92,9
2002,Parts Per Million,370.73,10
2002,Parts Per Million,372.43,11
2002,Parts Per Million,373.98,12
2003,Parts Per Million,375.07,1
2003,Parts Per Million,375.82,2
2003,Parts Per Million,376.64,3
2003,Parts Per Million,377.92,4
2003,Parts Per Million,378.78,5
2003,Parts Per Million,378.46,6
2003,Parts Per Million,376.88,7
2003,Parts Per Million,374.57,8
2003,Parts Per Million,373.34,9
2003,Parts Per Million,373.31,10
2003,Parts Per Million,374.84,11
2003,Parts Per Million,376.17,12
2004,Parts Per Million,377.17,1
2004,Parts Per Million,378.05,2
2004,Parts Per Million,379.06,3
2004,Parts Per Million,380.54,4
2004,Parts Per Million,380.8,5
2004,Parts Per Million,379.87,6
2004,Parts Per Million,377.65,7
2004,Parts Per Million,376.17,8
2004,Parts Per Million,374.43,9
2004,Parts Per Million,374.63,10
2004,Parts Per Million,376.33,11
2004,Parts Per Million,377.68,12
2005,Parts Per Million,378.63,1
2005,Parts Per Million,379.91,2
2005,Parts Per Million,380.95,3
2005,Parts Per Million,382.48,4
2005,Parts Per Million,382.64,5
2005,Parts Per Million,382.4,6
2005,Parts Per Million,380.93,7
2005,Parts Per Million,378.93,8
2005,Parts Per Million,376.89,9
2005,Parts Per Million,377.19,10
2005,Parts Per Million,378.54,11
2005,Parts Per Million,380.31,12
2006,Parts Per Million,381.58,1
2006,Parts Per Million,382.4,2
2006,Parts Per Million,382.86,3
2006,Parts Per Million,384.8,4
2006,Parts Per Million,385.22,5
2006,Parts Per Million,384.24,6
2006,Parts Per Million,382.65,7
2006,Parts Per Million,380.6,8
2006,Parts Per Million,379.04,9
2006,Parts Per Million,379.33,10
2006,Parts Per Million,380.35,11
2006,Parts Per Million,382.02,12
2007,Parts Per Million,383.1,1
2007,Parts Per Million,384.12,2
2007,Parts Per Million,384.81,3
2007,Parts Per Million,386.73,4
2007,Parts Per Million,386.78,5
2007,Parts Per Million,386.33,6
2007,Parts Per Million,384.73,7
2007,Parts Per Million,382.24,8
2007,Parts Per Million,381.2,9
2007,Parts Per Million,381.37,10
2007,Parts Per Million,382.7,11
2007,Parts Per Million,384.19,12
2008,Parts Per Million,385.78,1
2008,Parts Per Million,386.06,2
2008,Parts Per Million,386.28,3
2008,Parts Per Million,387.34,4
2008,Parts Per Million,388.78,5
2008,Parts Per Million,387.99,6
2008,Parts Per Million,386.61,7
2008,Parts Per Million,384.32,8
2008,Parts Per Million,383.41,9
2008,Parts Per Million,383.21,10
2008,Parts Per Million,384.41,11
2008,Parts Per Million,385.79,12
2009,Parts Per Million,387.17,1
2009,Parts Per Million,387.7,2
2009,Parts Per Million,389.04,3
2009,Parts Per Million,389.76,4
2009,Parts Per Million,390.36,5
2009,Parts Per Million,389.7,6
2009,Parts Per Million,388.24,7
2009,Parts Per Million,386.29,8
2009,Parts Per Million,384.95,9
2009,Parts Per Million,384.64,10
2009,Parts Per Million,386.23,11
2009,Parts Per Million,387.63,12
2010,Parts Per Million,388.91,1
2010,Parts Per Million,390.41,2
2010,Parts Per Million,391.37,3
2010,Parts Per Million,392.67,4
2010,Parts Per Million,393.21,5
2010,Parts Per Million,392.38,6
2010,Parts Per Million,390.41,7
2010,Parts Per Million,388.54,8
2010,Parts Per Million,387.03,9
2010,Parts Per Million,387.43,10
2010,Parts Per Million,388.87,11
2010,Parts Per Million,389.99,12
2011,Parts Per Million,391.5,1
2011,Parts Per Million,392.05,2
2011,Parts Per Million,392.8,3
2011,Parts Per Million,393.44,4
2011,Parts Per Million,394.41,5
2011,Parts Per Million,393.95,6
2011,Parts Per Million,392.72,7
2011,Parts Per Million,390.33,8
2011,Parts Per Million,389.28,9
2011,Parts Per Million,389.19,10
2011,Parts Per Million,390.48,11
2011,Parts Per Million,392.06,12
2012,Parts Per Million,393.31,1
2012,Parts Per Million,394.04,2
2012,Parts Per Million,394.59,3
2012,Parts Per Million,396.38,4
2012,Parts Per Million,396.93,5
2012,Parts Per Million,395.91,6
2012,Parts Per Million,394.56,7
2012,Parts Per Million,392.59,8
2012,Parts Per Million,391.32,9
2012,Parts Per Million,391.27,10
2012,Parts Per Million,393.2,11
2012,Parts Per Million,394.57,12
2013,Parts Per Million,395.78,1
2013,Parts Per Million,397.03,2
2013,Parts Per Million,397.66,3
2013,Parts Per Million,398.64,4
2013,Parts Per Million,400.02,5
2013,Parts Per Million,398.81,6
2013,Parts Per Million,397.51,7
2013,Parts Per Million,395.39,8
2013,Parts Per Million,393.72,9
2013,Parts Per Million,393.9,10
2013,Parts Per Million,395.36,11
2013,Parts Per Million,397.03,12
2014,Parts Per Million,398.04,1
2014,Parts Per Million,398.27,2
2014,Parts Per Million,399.91,3
2014,Parts Per Million,401.51,4
2014,Parts Per Million,401.96,5
2014,Parts Per Million,401.43,6
2014,Parts Per Million,399.27,7
2014,Parts Per Million,397.18,8
2014,Parts Per Million,395.54,9
2014,Parts Per Million,396.16,10
2014,Parts Per Million,397.4,11
2014,Parts Per Million,399.08,12
2015,Parts Per Million,400.18,1
2015,Parts Per Million,400.55,2
2015,Parts Per Million,401.74,3
2015,Parts Per Million,403.34,4
2015,Parts Per Million,404.15,5
2015,Parts Per Million,402.97,6
2015,Parts Per Million,401.46,7
2015,Parts Per Million,399.11,8
2015,Parts Per Million,397.82,9
2015,Parts Per Million,398.49,10
2015,Parts Per Million,400.27,11
2015,Parts Per Million,402.06,12
2016,Parts Per Million,402.73,1
2016,Parts Per Million,404.25,2
2016,Parts Per Million,405.06,3
2016,Parts Per Million,407.6,4
2016,Parts Per Million,407.9,5
2016,Parts Per Million,406.99,6
2016,Parts Per Million,404.59,7
2016,Parts Per Million,402.45,8
2016,Parts Per Million,401.23,9
2016,Parts Per Million,401.79,10
2016,Parts Per Million,403.72,11
2016,Parts Per Million,404.64,12
2017,Parts Per Million,406.36,1
2017,Parts Per Million,406.66,2
2017,Parts Per Million,407.54,3
2017,Parts Per Million,409.22,4
2017,Parts Per Million,409.89,5
2017,Parts Per Million,409.08,6
2017,Parts Per Million,407.33,7
2017,Parts Per Million,405.32,8
2017,Parts Per Million,403.57,9
2017,Parts Per Million,403.82,10
2017,Parts Per Million,405.31,11
2017,Parts Per Million,407.0,12
2018,Parts Per Million,408.15,1
2018,Parts Per Million,408.52,2
2018,Parts Per Million,409.59,3
2018,Parts Per Million,410.45,4
2018,Parts Per Million,411.44,5
2018,Parts Per Million,410.99,6
2018,Parts Per Million,408.9,7
2018,Parts Per Million,407.16,8
2018,Parts Per Million,405.71,9
2018,Parts Per Million,406.19,10
2018,Parts Per Million,408.21,11
2018,Parts Per Million,409.27,12
2019,Parts Per Million,411.03,1
2019,Parts Per Million,411.96,2
2019,Parts Per Million,412.18,3
2019,Parts Per Million,413.54,4
2019,Parts Per Million,414.86,5
2019,Parts Per Million,414.16,6
2019,Parts Per Million,411.97,7
2019,Parts Per Million,410.18,8
2019,Parts Per Million,408.76,9
2019,Parts Per Million,408.75,10
2019,Parts Per Million,410.48,11
2019,Parts Per Million,411.98,12
2020,Parts Per Million,413.61,1
2020,Parts Per Million,414.34,2
2020,Parts Per Million,414.74,3
2020,Parts Per Million,416.45,4
2020,Parts Per Million,417.31,5
2020,Parts Per Million,416.6,6
2020,Parts Per Million,414.62,7
2020,Parts Per Million,412.78,8
2020,Parts Per Million,411.52,9
2020,Parts Per Million,411.51,10
2020,Parts Per Million,413.12,11
2020,Parts Per Million,414.26,12
2021,Parts Per Million,415.52,1
2021,Parts Per Million,416.75,2
2021,Parts Per Million,417.64,3
2021,Parts Per Million,419.05,4
2021,Parts Per Million,419.13,5
2021,Parts Per Million,418.94,6
2021,Parts Per Million,416.96,7
2021,Parts Per Million,414.47,8
2021,Parts Per Million,413.3,9
2021,Parts Per Million,413.93,10
2021,Parts Per Million,415.01,11
2021,Parts Per Million,416.71,12
2022,Parts Per Million,418.19,1
2022,Parts Per Million,419.28,2
2022,Parts Per Million,418.81,3
2022,Parts Per Million,420.23,4
2022,Parts Per Million,420.99,5
2022,Parts Per Million,420.99,6
2022,Parts Per Million,418.9,7
2022,Parts Per Million,417.19,8
2022,Parts Per Million,415.95,9
2022,Parts Per Million,415.78,10
2022,Parts Per Million,417.51,11
2022,Parts Per Million,418.95,12
2023,Parts Per Million,419.48,1
2023,Parts Per Million,420.3,2
2023,Parts Per Million,420.98,3
2023,Parts Per Million,423.36,4
2023,Parts Per Million,424.0,5
