country,Indicator,emission,gdp_value
Australia,Forest area,132544.69999999832,355696.25398109044
Saudi Arabia,Forest area,977.0,490717.4525960868
Spain,Forest area,18555.249090909114,522664.39962356567
Canada,Forest area,347120.3727272739,528921.9633204864
Brazil,Forest area,503821.79090909055,675534.5685199639
Italy,Forest area,9297.0827272727,817064.9537128458
United Kingdom,Forest area,3137.2727272727275,897585.9880783815
France,Forest area,16836.0,909933.1410104646
Germany,Forest area,11416.272727272728,1285667.2715126628
India,Forest area,70828.0,1511830.1034578716
Japan,Forest area,24946.363636363636,1752794.030550001
United States,Forest area,309610.9090909091,5629373.605982493
