country,gastype,Year,emission
Northern America,Carbon dioxide,2010,12810.971499719999
Southern Europe,Nitrous oxide,2016,87.69140721400001
Asia,Carbon dioxide,2012,38772.223982200005
Africa,Methane,2013,2368.799659819
G7,Carbon dioxide,2014,19177.456568890004
Africa,Carbon dioxide,2020,2823.1374779149996
Advanced Economies,Methane,2012,2891.9163859029995
Southern Europe,Greenhouse gas,2013,2262.0041016699997
Americas,Greenhouse gas,2020,19902.0593437
Advanced Economies,Nitrous oxide,2013,1484.363794809
Australia and New Zealand,Fluorinated gases,2014,28.031844321
Southern Asia,Carbon dioxide,2015,6459.7352707499995
Australia and New Zealand,Carbon dioxide,2016,951.580469974
Advanced Economies,Fluorinated gases,2011,332.9264374
Australia and New Zealand,Nitrous oxide,2011,59.945164696
Africa,Fluorinated gases,2020,147.300436377
Southern Asia,Nitrous oxide,2011,727.110828608
G7,Methane,2013,2104.1860044590003
Southern Europe,Methane,2014,271.776912799
Southern Europe,Fluorinated gases,2020,69.24547372
G20,Methane,2016,11021.553844760001
Advanced Economies,Nitrous oxide,2019,1473.7490667690001
Europe,Carbon dioxide,2010,12747.07743359
Africa,Fluorinated gases,2012,72.46511718
G20,Nitrous oxide,2018,4121.792385305
Americas,Fluorinated gases,2017,142.75960186499998
Southern Asia,Greenhouse gas,2019,10977.135420499999
Advanced Economies,Greenhouse gas,2011,30077.058781599997
Africa,Greenhouse gas,2015,5975.2565061
Advanced Economies,Carbon dioxide,2019,23679.7713967
Southern Asia,Nitrous oxide,2017,776.2243517730001
Americas,Greenhouse gas,2014,22449.9414169
Australia and New Zealand,Methane,2018,294.1731000439999
Asia,Greenhouse gas,2020,57323.754334
Asia,Fluorinated gases,2015,1111.387761594
Australia and New Zealand,Greenhouse gas,2017,1347.5551872150002
Southern Asia,Nitrous oxide,2020,810.105896775
Asia,Methane,2012,8995.512568065998
G20,Nitrous oxide,2012,3946.7509400350004
Southern Asia,Fluorinated gases,2019,169.340562624
Europe,Nitrous oxide,2020,703.0219107610001
Northern America,Carbon dioxide,2021,11466.63309864
G20,Methane,2010,10816.410742159998
Americas,Nitrous oxide,2012,1712.227146456
Americas,Fluorinated gases,2014,119.688636325
Europe,Greenhouse gas,2016,14435.771341700001
Northern America,Nitrous oxide,2018,982.352768145
Advanced Economies,Methane,2021,2594.08432359
Australia and New Zealand,Greenhouse gas,2011,1307.770379847
Northern America,Methane,2017,1551.1585894319999
Europe,Fluorinated gases,2020,299.74788418699995
Southern Asia,Methane,2012,2568.914355967
Europe,Methane,2013,1840.8947715440002
Advanced Economies,Greenhouse gas,2017,28765.369616000004
Southern Asia,Methane,2018,2753.452930266
Africa,Greenhouse gas,2021,6518.4158818000005
Southern Asia,Greenhouse gas,2016,10191.558536100003
Southern Europe,Greenhouse gas,2019,2061.07007829
Northern America,Fluorinated gases,2016,26.371357338
Africa,Nitrous oxide,2011,575.452703622
G20,Greenhouse gas,2014,77512.028403
Advanced Economies,Fluorinated gases,2020,330.618804784
Australia and New Zealand,Nitrous oxide,2020,57.40865038199999
Southern Asia,Fluorinated gases,2013,101.86534138399999
Africa,Carbon dioxide,2014,2828.895466259
Asia,Nitrous oxide,2015,2358.161700113
G20,Fluorinated gases,2016,1392.99283426
Southern Europe,Carbon dioxide,2018,1714.8492612610003
G7,Fluorinated gases,2020,138.459175292
G7,Nitrous oxide,2020,1150.208895631
G7,Carbon dioxide,2011,19524.98548018
G7,Greenhouse gas,2016,21900.230998400002
Asia,Carbon dioxide,2021,45487.618841100004
G20,Carbon dioxide,2018,62685.679064799995
Southern Asia,Carbon dioxide,2018,7256.08637614
G7,Methane,2019,2041.5894465820002
G7,Nitrous oxide,2014,1253.7842145700001
Advanced Economies,Methane,2015,2837.182742044
Asia,Carbon dioxide,2015,40573.1116633
Europe,Methane,2021,1768.0311490489999
Northern America,Greenhouse gas,2021,13821.485694599998
Advanced Economies,Fluorinated gases,2014,354.57966577999997
Australia and New Zealand,Nitrous oxide,2014,59.246119863000004
Advanced Economies,Carbon dioxide,2016,24267.205822110005
Americas,Methane,2021,3880.143167362
Southern Europe,Greenhouse gas,2010,2527.32328035
Southern Europe,Fluorinated gases,2017,76.97454736
G20,Carbon dioxide,2012,59767.6320952
Southern Asia,Carbon dioxide,2012,5820.9437219599995
Advanced Economies,Nitrous oxide,2016,1463.362588364
Australia and New Zealand,Fluorinated gases,2017,31.955006144
Australia and New Zealand,Carbon dioxide,2019,967.7787065879999
Europe,Fluorinated gases,2012,298.72478499100004
Southern Europe,Greenhouse gas,2016,2118.1519037999997
G7,Fluorinated gases,2017,158.47892621100002
G20,Methane,2019,11297.90274411
Africa,Methane,2010,2273.731448035
G7,Greenhouse gas,2010,23446.478217599997
Asia,Nitrous oxide,2012,2323.540336243
Africa,Carbon dioxide,2017,2947.719204251
G7,Carbon dioxide,2017,18346.560605729996
Southern Europe,Methane,2017,256.96946774900005
Africa,Greenhouse gas,2012,5693.7543336
Southern Asia,Methane,2021,2885.6177961649996
Northern America,Fluorinated gases,2013,25.394525183000002
Asia,Greenhouse gas,2017,55081.060505
Australia and New Zealand,Methane,2021,284.03269643799996
Europe,Carbon dioxide,2021,10962.43413592
Southern Asia,Nitrous oxide,2014,742.789155365
Asia,Methane,2015,9175.247569644
Southern Europe,Nitrous oxide,2019,88.406168942
Australia and New Zealand,Fluorinated gases,2011,23.713566220000004
Asia,Fluorinated gases,2012,1001.583979028
Americas,Methane,2013,3912.7456700000002
Asia,Fluorinated gases,2018,1354.2156198199998
Australia and New Zealand,Methane,2015,291.85109803399996
Americas,Greenhouse gas,2017,21672.321943300005
Europe,Carbon dioxide,2013,12162.413635689998
G20,Nitrous oxide,2021,4117.986822167
Advanced Economies,Greenhouse gas,2014,29505.5008993
Southern Asia,Methane,2015,2608.878007833
Africa,Greenhouse gas,2018,6396.9779684000005
G20,Carbon dioxide,2021,62839.26755699999
Australia and New Zealand,Greenhouse gas,2014,1291.972572875
G7,Greenhouse gas,2019,21479.250235500003
Northern America,Fluorinated gases,2019,28.891170277
Americas,Greenhouse gas,2011,22054.113554900003
Europe,Greenhouse gas,2013,15000.888079499999
Americas,Nitrous oxide,2015,1862.0297024920003
Southern Europe,Carbon dioxide,2015,1726.4540212719999
Northern America,Nitrous oxide,2021,936.191630265
Americas,Methane,2010,3900.3808896299997
G20,Nitrous oxide,2015,4121.200211551
Southern Asia,Fluorinated gases,2016,134.152792821
Europe,Nitrous oxide,2017,709.482021961
Americas,Carbon dioxide,2012,16077.190289539998
Northern America,Methane,2014,1570.161512739
Southern Europe,Methane,2020,250.97905377599997
Americas,Fluorinated gases,2011,102.061649662
Southern Asia,Greenhouse gas,2013,9368.2781293
Northern America,Carbon dioxide,2018,12263.586028480002
Australia and New Zealand,Fluorinated gases,2020,35.27205191699999
Europe,Methane,2010,1910.456682654
Northern America,Greenhouse gas,2010,15440.143180799998
G20,Carbon dioxide,2015,60501.002641600004
Advanced Economies,Greenhouse gas,2020,25733.1340418
G7,Greenhouse gas,2013,22942.6129163
Asia,Carbon dioxide,2018,43406.62832239999
G20,Methane,2013,11039.68246433
G7,Nitrous oxide,2017,1199.455478946
Africa,Carbon dioxide,2011,2503.692891698
G7,Methane,2016,2044.042496042
G20,Fluorinated gases,2019,1614.15324719
G20,Greenhouse gas,2011,75069.53272400002
Africa,Nitrous oxide,2014,619.853483392
Advanced Economies,Fluorinated gases,2017,341.63113002
Australia and New Zealand,Nitrous oxide,2017,61.436744184
Australia and New Zealand,Carbon dioxide,2013,918.789569199
Southern Europe,Fluorinated gases,2014,89.16570026
Northern America,Greenhouse gas,2018,14840.112154400002
Northern America,Methane,2020,1485.429638595
Northern America,Nitrous oxide,2015,997.4814787660001
Advanced Economies,Methane,2018,2811.786906349
Europe,Greenhouse gas,2019,14213.23591964
Americas,Carbon dioxide,2020,14013.889799920002
Southern Europe,Carbon dioxide,2021,1492.719919905
Southern Asia,Carbon dioxide,2021,7556.16930446
Southern Europe,Methane,2012,282.731321558
Advanced Economies,Fluorinated gases,2013,346.99647024
Australia and New Zealand,Nitrous oxide,2015,57.909027848
Europe,Carbon dioxide,2016,11667.417600400002
Australia and New Zealand,Carbon dioxide,2014,914.5609338130001
Advanced Economies,Methane,2010,2974.41683825
Northern America,Fluorinated gases,2010,20.618578497
Southern Europe,Greenhouse gas,2011,2511.6607238499996
Southern Europe,Nitrous oxide,2014,89.571062055
Advanced Economies,Carbon dioxide,2017,24153.932641969997
G7,Greenhouse gas,2011,23004.497661100002
G7,Carbon dioxide,2012,19196.63645191
Southern Asia,Carbon dioxide,2013,5986.18228848
Africa,Fluorinated gases,2014,80.893258713
Australia and New Zealand,Fluorinated gases,2016,31.127503484
Advanced Economies,Nitrous oxide,2017,1462.773740176
G20,Greenhouse gas,2017,77954.697498
Africa,Nitrous oxide,2020,693.1980967949999
G20,Fluorinated gases,2020,1676.09861358
Europe,Fluorinated gases,2011,269.425190824
G20,Carbon dioxide,2013,60458.5591778
G7,Fluorinated gases,2014,156.816690283
Australia and New Zealand,Carbon dioxide,2020,919.914085989
Advanced Economies,Carbon dioxide,2011,25388.469717530003
G20,Methane,2018,11256.207003399999
Southern Europe,Methane,2018,256.053478758
G7,Carbon dioxide,2020,16224.638076280002
Southern Asia,Nitrous oxide,2015,742.684165974
Southern Asia,Greenhouse gas,2021,11463.539796399999
Asia,Fluorinated gases,2013,1079.342225847
Asia,Methane,2020,9946.437371783999
Americas,Greenhouse gas,2012,21787.962235500003
Americas,Greenhouse gas,2018,21966.951161999998
Asia,Greenhouse gas,2018,56676.66493900001
G20,Nitrous oxide,2020,4033.4281035639997
Americas,Methane,2016,3920.5186198429997
Australia and New Zealand,Methane,2016,289.34342183
Southern Europe,Nitrous oxide,2020,90.14769729300001
G7,Methane,2021,1859.5789926379998
Americas,Fluorinated gases,2012,106.23992038300001
Australia and New Zealand,Methane,2013,293.48643881999993
Advanced Economies,Greenhouse gas,2015,29263.860042599998
Asia,Nitrous oxide,2021,2461.4339644320003
G20,Nitrous oxide,2014,4090.7477155909996
Northern America,Methane,2015,1565.9906574829997
Americas,Carbon dioxide,2017,15755.90929826
Southern Asia,Fluorinated gases,2017,145.86121703800004
Europe,Greenhouse gas,2014,14507.709681530003
Northern America,Greenhouse gas,2015,14829.065782599999
Southern Europe,Carbon dioxide,2016,1695.3773015880001
Africa,Greenhouse gas,2017,6242.2602836
Asia,Fluorinated gases,2021,1625.34474559
Asia,Methane,2014,9137.917308595
Northern America,Carbon dioxide,2019,12029.40961764
Southern Europe,Methane,2021,250.266977992
Americas,Carbon dioxide,2011,16301.35023749
Americas,Nitrous oxide,2018,1862.3482370689999
Northern America,Fluorinated gases,2018,28.538646356
Southern Europe,Carbon dioxide,2010,2064.08817843
Europe,Fluorinated gases,2014,313.007187609
Southern Asia,Methane,2016,2678.004874066
Southern Asia,Carbon dioxide,2010,5189.35139434
G7,Greenhouse gas,2014,22676.1882192
Europe,Nitrous oxide,2014,691.78130199
Southern Asia,Greenhouse gas,2010,8523.176472699999
Africa,Carbon dioxide,2012,2650.625222326
Southern Asia,Methane,2010,2544.160139703
G20,Methane,2012,11059.95823422
G20,Carbon dioxide,2016,60333.19643689999
G20,Fluorinated gases,2014,1440.7632930299999
Europe,Methane,2019,1769.115907664
Northern America,Nitrous oxide,2010,965.8919182019999
Advanced Economies,Methane,2013,2866.7590698660006
Northern America,Nitrous oxide,2016,963.990581142
Advanced Economies,Methane,2019,2775.7716301540004
Southern Asia,Fluorinated gases,2011,85.535497964
Northern America,Methane,2021,1389.057233601
Southern Europe,Fluorinated gases,2011,81.74621958
Australia and New Zealand,Nitrous oxide,2018,59.346900004999995
Europe,Greenhouse gas,2020,13094.91265398
Asia,Fluorinated gases,2010,836.5724707940001
Asia,Nitrous oxide,2010,2223.7556920740003
Asia,Carbon dioxide,2013,39642.7285163
Australia and New Zealand,Fluorinated gases,2013,25.93820236
Advanced Economies,Nitrous oxide,2014,1509.9741075390002
Southern Asia,Carbon dioxide,2016,6619.79847975
Africa,Nitrous oxide,2017,659.7846266260001
Africa,Fluorinated gases,2017,110.544346058
G20,Greenhouse gas,2020,76902.165209
Southern Europe,Nitrous oxide,2017,88.88442005800002
G20,Methane,2021,11636.36646363
G7,Fluorinated gases,2011,147.43453262199998
Australia and New Zealand,Carbon dioxide,2017,961.2032276210001
Australia and New Zealand,Nitrous oxide,2012,60.54342634
Advanced Economies,Fluorinated gases,2016,343.98489919
Africa,Methane,2016,2466.494984232
Europe,Carbon dioxide,2019,11424.308827349998
Northern America,Carbon dioxide,2013,12418.90140364
Southern Europe,Methane,2015,257.96094560899996
Southern Europe,Fluorinated gases,2019,74.44885908000002
Advanced Economies,Carbon dioxide,2014,24797.3205966
Southern Europe,Greenhouse gas,2014,2193.68765603
Africa,Carbon dioxide,2015,2821.198434026
Americas,Nitrous oxide,2021,1828.9341685939999
G20,Carbon dioxide,2010,57008.2402179
G7,Methane,2010,2204.946818059
Africa,Fluorinated gases,2011,71.096500562
Asia,Methane,2017,9378.305776995
Australia and New Zealand,Fluorinated gases,2019,34.627464126
Advanced Economies,Nitrous oxide,2020,1404.360277649
Southern Europe,Nitrous oxide,2011,93.242741199
Australia and New Zealand,Methane,2019,282.333027381
Australia and New Zealand,Greenhouse gas,2020,1293.067401823
Southern Asia,Nitrous oxide,2012,726.4910194110001
G20,Nitrous oxide,2017,4100.989282036
Australia and New Zealand,Methane,2010,289.419056188
Asia,Greenhouse gas,2015,53217.90869900001
Americas,Nitrous oxide,2010,1770.762794504
Americas,Methane,2019,3950.57427373
Advanced Economies,Carbon dioxide,2020,21308.159483290005
Southern Asia,Nitrous oxide,2018,795.85277933
Americas,Fluorinated gases,2020,175.791232019
Americas,Greenhouse gas,2015,22107.9661431
Asia,Greenhouse gas,2021,59631.627897000006
Asia,Methane,2011,8924.591939748
G20,Fluorinated gases,2011,1114.1562498700002
Europe,Methane,2016,1761.613789822
Southern Europe,Carbon dioxide,2013,1809.094442007
Australia and New Zealand,Greenhouse gas,2012,1319.447744432
Americas,Carbon dioxide,2014,16538.79406535
Northern America,Methane,2018,1565.63471025
Northern America,Fluorinated gases,2021,29.603732338
Advanced Economies,Greenhouse gas,2012,29609.885485299998
Northern America,Nitrous oxide,2019,980.852411953
Europe,Greenhouse gas,2011,15476.8200976
Asia,Greenhouse gas,2012,51092.86086449999
Northern America,Greenhouse gas,2012,14626.6031373
Southern Asia,Methane,2013,2547.083597721
Europe,Fluorinated gases,2017,324.8088642
Africa,Greenhouse gas,2020,6289.451050199999
Northern America,Methane,2012,1584.642206863
Southern Asia,Fluorinated gases,2020,181.06981922499997
Northern America,Carbon dioxide,2016,11951.22685613
G20,Fluorinated gases,2017,1482.8421742700002
G20,Methane,2015,11111.141145900001
Advanced Economies,Fluorinated gases,2019,341.029402806
Africa,Methane,2019,2645.838851728
Southern Europe,Carbon dioxide,2019,1646.9843139700001
Southern Asia,Fluorinated gases,2014,111.87982395600001
Asia,Nitrous oxide,2018,2394.802713521
G7,Nitrous oxide,2019,1216.9632202019998
Asia,Carbon dioxide,2010,34991.4526624
Advanced Economies,Nitrous oxide,2011,1448.7362255419998
Asia,Carbon dioxide,2016,40963.1458361
G7,Greenhouse gas,2017,21758.4272996
G7,Methane,2018,2059.428244396
Europe,Greenhouse gas,2017,14558.968892260002
G20,Carbon dioxide,2019,62620.43215180001
Australia and New Zealand,Carbon dioxide,2011,931.1709523560002
G7,Nitrous oxide,2011,1194.2358941450002
Europe,Nitrous oxide,2011,687.865477831
Northern America,Nitrous oxide,2013,987.9949374750001
Advanced Economies,Methane,2016,2792.227716298
Advanced Economies,Nitrous oxide,2015,1499.3926022100002
G20,Methane,2020,11587.51963373
G20,Greenhouse gas,2021,80346.24379299999
Australia and New Zealand,Nitrous oxide,2013,58.079341242
Advanced Economies,Carbon dioxide,2015,24583.49770431
Americas,Methane,2020,3925.912969699
Southern Europe,Methane,2010,287.239550605
Southern Europe,Fluorinated gases,2016,79.44339517999998
Africa,Nitrous oxide,2018,668.4399690220001
G7,Fluorinated gases,2010,140.56887812400004
Africa,Methane,2011,2279.92383229
Asia,Nitrous oxide,2013,2346.426105561
G7,Fluorinated gases,2016,160.061000835
G7,Carbon dioxide,2018,18541.164795509998
Europe,Carbon dioxide,2020,10352.63576852
Northern America,Fluorinated gases,2012,23.620071323
Northern America,Carbon dioxide,2014,12521.69067756
Australia and New Zealand,Carbon dioxide,2018,965.5933622330001
G20,Carbon dioxide,2011,58940.316579499995
Africa,Fluorinated gases,2016,99.662171044
Africa,Carbon dioxide,2018,3017.575364376
Australia and New Zealand,Fluorinated gases,2018,32.259476599
Europe,Fluorinated gases,2013,311.68192483900003
Southern Europe,Methane,2016,255.63979977900001
Southern Europe,Greenhouse gas,2017,2170.516990393
Asia,Greenhouse gas,2016,53753.582104
Africa,Fluorinated gases,2010,70.267785359
Southern Europe,Nitrous oxide,2012,91.505846597
Asia,Methane,2016,9257.579923584999
Australia and New Zealand,Greenhouse gas,2021,1281.5854716220001
Southern Asia,Nitrous oxide,2013,733.1469016560001
Australia and New Zealand,Methane,2011,292.9406965950001
Europe,Carbon dioxide,2014,11697.64508127
Asia,Fluorinated gases,2019,1440.51329236
Australia and New Zealand,Fluorinated gases,2010,21.60328116
Africa,Greenhouse gas,2011,5430.1659279
Americas,Methane,2014,3924.15444353
Australia and New Zealand,Greenhouse gas,2015,1312.9038602210003
Southern Europe,Nitrous oxide,2018,89.06723125299999
Americas,Fluorinated gases,2021,187.561941515
Americas,Greenhouse gas,2010,22191.212501500002
Southern Europe,Carbon dioxide,2014,1743.1739808500001
G7,Greenhouse gas,2020,19476.5117108
Europe,Methane,2017,1766.613572978
Northern America,Greenhouse gas,2017,14424.546459000001
Americas,Methane,2011,3879.5564320569997
Africa,Carbon dioxide,2010,2513.354129694
Europe,Greenhouse gas,2012,15360.667353059998
Southern Asia,Greenhouse gas,2012,9209.9205979
Americas,Carbon dioxide,2013,16419.28225894
Asia,Greenhouse gas,2013,52118.8574191
Southern Asia,Greenhouse gas,2018,10963.0439175
Northern America,Methane,2013,1575.963917439
Americas,Nitrous oxide,2016,1846.175088999
Europe,Fluorinated gases,2016,305.95758917999996
Australia and New Zealand,Fluorinated gases,2021,36.577458941
Northern America,Carbon dioxide,2017,11893.6915166
Northern America,Nitrous oxide,2014,1005.710251189
Asia,Carbon dioxide,2019,44104.62091710001
Africa,Methane,2020,2625.815039784
Europe,Methane,2011,1897.141276793
Northern America,Greenhouse gas,2011,15106.241483
Advanced Economies,Greenhouse gas,2021,26730.1854543
Australia and New Zealand,Nitrous oxide,2010,58.06349002
G20,Carbon dioxide,2014,60891.2234716
G20,Greenhouse gas,2012,76007.082339
G7,Methane,2015,2078.918052341
Southern Asia,Fluorinated gases,2015,122.595119481
Europe,Nitrous oxide,2016,700.782363575
G20,Fluorinated gases,2018,1565.86350043
G7,Nitrous oxide,2010,1219.3107029970001
G7,Nitrous oxide,2016,1207.3525343210001
Americas,Carbon dioxide,2019,15727.60827438
Asia,Nitrous oxide,2019,2393.066707874
Asia,Carbon dioxide,2011,37420.18506345
Australia and New Zealand,Carbon dioxide,2012,939.567342218
Southern Europe,Fluorinated gases,2013,88.09008908
Africa,Nitrous oxide,2015,630.08551257
Europe,Nitrous oxide,2010,676.508311826
G20,Fluorinated gases,2012,1232.7410786300002
Advanced Economies,Methane,2011,2906.926404458
G7,Fluorinated gases,2013,155.46024664400002
G7,Nitrous oxide,2013,1233.665110614
Africa,Methane,2014,2402.593436107
G7,Carbon dioxide,2015,18859.340011020002
Europe,Carbon dioxide,2017,11758.06443168
Southern Europe,Methane,2013,275.405044566
Southern Europe,Nitrous oxide,2015,87.57118732400001
Advanced Economies,Carbon dioxide,2018,24317.955259790004
Africa,Fluorinated gases,2019,135.390870021
Africa,Carbon dioxide,2021,2982.1372403190003
Northern America,Carbon dioxide,2011,12545.6946401
Advanced Economies,Nitrous oxide,2012,1392.1296626170001
Australia and New Zealand,Carbon dioxide,2015,933.4360641930001
Americas,Greenhouse gas,2021,20838.2359654
Europe,Fluorinated gases,2010,265.43436379800005
Southern Asia,Nitrous oxide,2010,712.0452356019999
G7,Greenhouse gas,2012,22613.2935389
G7,Methane,2012,2126.252035851
Africa,Nitrous oxide,2021,708.422681168
Advanced Economies,Fluorinated gases,2010,324.88876501
Advanced Economies,Carbon dioxide,2012,24989.17725921
Africa,Fluorinated gases,2013,74.653177583
Northern America,Methane,2010,1642.6611845119999
G20,Methane,2017,11130.339210219998
G20,Greenhouse gas,2018,79629.541961
Europe,Carbon dioxide,2011,12622.38815126
Asia,Fluorinated gases,2016,1180.26663802
G20,Nitrous oxide,2019,4087.430790138
G7,Carbon dioxide,2021,17157.898315989998
Americas,Fluorinated gases,2018,155.328198227
Advanced Economies,Greenhouse gas,2010,30545.4835599
Africa,Greenhouse gas,2014,5932.235644400001
Americas,Greenhouse gas,2013,22277.4068369
Australia and New Zealand,Methane,2017,292.96020923199995
Asia,Greenhouse gas,2019,57512.13171999999
Americas,Methane,2017,3929.6125659029994
Australia and New Zealand,Greenhouse gas,2018,1351.3728389009998
Asia,Methane,2019,9573.930806112
Southern Asia,Nitrous oxide,2021,828.0419667959999
Asia,Greenhouse gas,2010,46633.031519899996
Australia and New Zealand,Methane,2014,290.133674829
Europe,Greenhouse gas,2015,14436.0629794
Southern Asia,Greenhouse gas,2015,9933.892563500001
Americas,Carbon dioxide,2016,15822.843816239998
Europe,Nitrous oxide,2019,711.18408421
Asia,Methane,2013,9050.360573719
Americas,Nitrous oxide,2013,1835.300750653
Europe,Methane,2014,1805.2761102430002
Northern America,Greenhouse gas,2014,15123.5981939
Americas,Fluorinated gases,2015,123.49440308800001
Northern America,Methane,2016,1539.4338723140002
Europe,Fluorinated gases,2019,308.62709956000003
Southern Europe,Carbon dioxide,2011,2051.620752322
G20,Nitrous oxide,2011,3990.9168665549996
Southern Asia,Methane,2019,2728.982164455
Northern America,Carbon dioxide,2020,10806.18650009
Southern Europe,Greenhouse gas,2020,1834.5527748759998
Northern America,Fluorinated gases,2015,26.268689816
Advanced Economies,Greenhouse gas,2018,28956.658319299997
Americas,Nitrous oxide,2019,1848.0493696429999
Americas,Carbon dioxide,2010,16423.84595427
Asia,Nitrous oxide,2016,2352.5897137519996
G7,Fluorinated gases,2019,148.838113022
Southern Asia,Carbon dioxide,2011,5451.903001209999
Southern Asia,Fluorinated gases,2012,93.571500155
Europe,Nitrous oxide,2013,685.8977480289999
G20,Greenhouse gas,2015,77062.840776
Australia and New Zealand,Nitrous oxide,2021,57.881669044
Southern Asia,Methane,2011,2580.4373024889996
Northern America,Nitrous oxide,2011,947.040343451
Advanced Economies,Methane,2014,2843.6265321729998
Africa,Methane,2017,2524.2121061489997
Northern America,Nitrous oxide,2017,953.535103971
Southern Europe,Carbon dioxide,2017,1747.6885556480001
Southern Asia,Carbon dioxide,2019,7274.6432540999995
G20,Fluorinated gases,2015,1329.4967919899998
Southern Europe,Fluorinated gases,2010,79.62011086999999
Africa,Nitrous oxide,2012,592.868146406
Europe,Methane,2020,1739.5070906560002
Northern America,Greenhouse gas,2020,13241.836055799999
Advanced Economies,Fluorinated gases,2021,329.880799767
Asia,Fluorinated gases,2011,916.3320519949999
G7,Fluorinated gases,2012,151.70182942099999
Southern Asia,Carbon dioxide,2017,6987.16492188
Africa,Fluorinated gases,2018,123.6954062
Australia and New Zealand,Fluorinated gases,2012,25.063316782999998
Northern America,Carbon dioxide,2012,12126.8784597
Africa,Nitrous oxide,2016,647.9759231900001
Southern Europe,Fluorinated gases,2018,76.23458042
Advanced Economies,Fluorinated gases,2015,343.78699456
Africa,Methane,2015,2435.4770096069997
Europe,Carbon dioxide,2018,11765.20365565
Southern Europe,Greenhouse gas,2015,2149.58409388
Advanced Economies,Carbon dioxide,2013,25150.513195800002
G7,Methane,2011,2137.841755901
G20,Greenhouse gas,2019,79619.91893700001
Asia,Nitrous oxide,2011,2294.9240536350003
Africa,Carbon dioxide,2016,2860.8256762010005
G7,Carbon dioxide,2016,18488.77496679
Northern America,Fluorinated gases,2014,26.03575186
Americas,Greenhouse gas,2016,21722.2775199
Americas,Fluorinated gases,2019,165.66587919900002
Australia and New Zealand,Methane,2020,280.47261342300004
Southern Europe,Nitrous oxide,2010,96.37544014000001
Africa,Greenhouse gas,2013,5783.112824399999
Asia,Fluorinated gases,2017,1259.17530784
Asia,Methane,2018,9521.018283638
Australia and New Zealand,Greenhouse gas,2019,1342.4797081880001
Advanced Economies,Nitrous oxide,2021,1421.3629812529998
Southern Asia,Methane,2020,2747.968739967
Australia and New Zealand,Greenhouse gas,2010,1303.5291045780002
Asia,Greenhouse gas,2014,53229.581962000004
Americas,Nitrous oxide,2011,1771.145232596
G20,Nitrous oxide,2016,4080.323616309
Americas,Methane,2012,3892.304876004
Americas,Methane,2018,3943.0379756029997
Advanced Economies,Carbon dioxide,2021,22384.85734285
Europe,Carbon dioxide,2012,12507.915917029999
Southern Asia,Nitrous oxide,2019,804.169439224
Americas,Nitrous oxide,2014,1867.304269614
Northern America,Nitrous oxide,2020,921.3387514110002
Northern America,Fluorinated gases,2020,28.881165561999996
Asia,Greenhouse gas,2011,49556.033115800004
Australia and New Zealand,Greenhouse gas,2013,1296.2935516679997
Africa,Greenhouse gas,2019,6525.5429643
G20,Greenhouse gas,2010,72785.249597
Advanced Economies,Greenhouse gas,2013,29848.6325229
Europe,Methane,2015,1767.7809320649997
Europe,Fluorinated gases,2018,332.17358256999995
Europe,Nitrous oxide,2018,710.068679933
Americas,Carbon dioxide,2015,16183.61170234
Americas,Fluorinated gases,2010,96.222867198
G20,Nitrous oxide,2010,3930.7267614099997
Northern America,Greenhouse gas,2013,15008.2547841
Southern Europe,Greenhouse gas,2021,1902.3839258790001
Southern Europe,Carbon dioxide,2012,1960.9309598399998
Asia,Methane,2010,8581.250692672
Southern Asia,Methane,2014,2574.8653603749995
Advanced Economies,Greenhouse gas,2019,28270.3214966
Southern Asia,Greenhouse gas,2014,9818.9381156
Southern Asia,Fluorinated gases,2021,193.710729114
Australia and New Zealand,Carbon dioxide,2010,934.4432772490001
Northern America,Methane,2011,1591.6183083980002
Advanced Economies,Methane,2017,2807.032095578
Americas,Nitrous oxide,2020,1786.465342237
Southern Europe,Carbon dioxide,2020,1424.1805499910001
Europe,Greenhouse gas,2010,15599.47679178
G20,Methane,2014,11089.29391593
G7,Fluorinated gases,2018,155.41375571300003
Advanced Economies,Nitrous oxide,2010,1477.986465223
G7,Methane,2017,2053.932288289
Asia,Nitrous oxide,2017,2372.5316323849997
G7,Nitrous oxide,2018,1221.90320397
Africa,Fluorinated gases,2021,160.369131017
Europe,Greenhouse gas,2018,14586.795613110002
Northern America,Greenhouse gas,2019,14595.8041546
Asia,Carbon dioxide,2017,42071.0477958
Advanced Economies,Fluorinated gases,2018,346.192942372
Africa,Methane,2018,2587.2672282040003
G7,Greenhouse gas,2018,21977.910000300002
Northern America,Methane,2019,1556.6509545200001
G20,Fluorinated gases,2010,1029.87187041
Europe,Nitrous oxide,2012,674.6258618330002
Africa,Nitrous oxide,2013,609.180093532
Australia and New Zealand,Nitrous oxide,2016,57.988004241
G20,Carbon dioxide,2020,59605.1188573
G7,Nitrous oxide,2012,1138.703220788
Northern America,Nitrous oxide,2012,891.4623978730001
Southern Asia,Carbon dioxide,2020,6963.710409990001
Americas,Carbon dioxide,2021,14941.59669022
Southern Europe,Greenhouse gas,2012,2419.9179676299996
Africa,Carbon dioxide,2019,3059.1702424570003
Southern Europe,Methane,2011,285.05101037199995
Australia and New Zealand,Fluorinated gases,2015,29.707670099
Southern Europe,Fluorinated gases,2015,77.59793954999999
Africa,Nitrous oxide,2019,685.14300036
Southern Asia,Carbon dioxide,2014,6389.403776079999
Northern America,Fluorinated gases,2011,21.888188918999997
Advanced Economies,Fluorinated gases,2012,336.66218244000004
Africa,Methane,2012,2377.795847702
G7,Carbon dioxide,2013,19449.30155223
Asia,Nitrous oxide,2014,2326.236530323
G7,Carbon dioxide,2019,18071.859453999998
G20,Fluorinated gases,2021,1752.622947188
Northern America,Carbon dioxide,2015,12239.32495601
G20,Greenhouse gas,2016,76828.06673399999
Southern Europe,Fluorinated gases,2021,69.16180834
Africa,Fluorinated gases,2015,88.495549936
G7,Fluorinated gases,2015,158.94670022299997
Advanced Economies,Nitrous oxide,2018,1480.723211589
Australia and New Zealand,Carbon dioxide,2021,903.0936470050001
Southern Europe,Greenhouse gas,2018,2136.204551771
Southern Europe,Methane,2019,251.23073679599997
Southern Europe,Nitrous oxide,2013,89.414525736
Southern Asia,Greenhouse gas,2020,10702.854866099999
Americas,Fluorinated gases,2016,132.73999370800001
Americas,Greenhouse gas,2019,21691.8977991
Australia and New Zealand,Methane,2012,294.273658955
Europe,Carbon dioxide,2015,11682.262106730002
Southern Asia,Nitrous oxide,2016,759.602390219
Southern Europe,Nitrous oxide,2021,90.23521954000002
Africa,Greenhouse gas,2010,5422.3470916
Asia,Fluorinated gases,2014,1195.646301196
Americas,Methane,2015,3938.8303381070004
Australia and New Zealand,Greenhouse gas,2016,1330.039399538
Asia,Methane,2021,10057.230340400998
Americas,Fluorinated gases,2013,110.07815411899999
G20,Nitrous oxide,2013,4080.0772660449998
Northern America,Greenhouse gas,2016,14481.022667199999
Southern Asia,Fluorinated gases,2018,157.651831679
Europe,Fluorinated gases,2021,297.11266661999997
G20,Methane,2011,11024.143031999998
Africa,Greenhouse gas,2016,6074.9587555
Asia,Fluorinated gases,2020,1528.0911315800001
Americas,Nitrous oxide,2017,1844.0404798240002
Northern America,Fluorinated gases,2017,26.161248379
Southern Asia,Greenhouse gas,2011,8844.986630599999
Southern Asia,Greenhouse gas,2017,10634.436422300003
G7,Nitrous oxide,2021,1165.8421826130002
Europe,Fluorinated gases,2015,298.50227517999997
Advanced Economies,Greenhouse gas,2016,28866.7810255
Southern Asia,Methane,2017,2725.1859316819996
Europe,Nitrous oxide,2021,715.043697995
Advanced Economies,Carbon dioxide,2010,25768.19148391
Europe,Greenhouse gas,2021,13742.621648100001
Africa,Carbon dioxide,2013,2730.479894031
Europe,Methane,2012,1879.4007904989999
G20,Greenhouse gas,2013,76904.274296
G7,Methane,2014,2088.1307455839997
Europe,Nitrous oxide,2015,687.517666319
G20,Carbon dioxide,2017,61240.52682499999
G7,Carbon dioxide,2010,19881.65181457
G7,Greenhouse gas,2015,22341.1754219
Asia,Carbon dioxide,2020,43438.879562300004
G7,Fluorinated gases,2021,134.012420781
Southern Asia,Fluorinated gases,2010,77.619703177
Advanced Economies,Methane,2020,2689.995477685
G7,Nitrous oxide,2015,1243.9706618280002
Americas,Carbon dioxide,2018,16006.236755729999
Asia,Nitrous oxide,2020,2410.3462639530003
Africa,Nitrous oxide,2010,564.993728367
Southern Europe,Fluorinated gases,2012,84.74983925
G20,Fluorinated gases,2013,1325.95539681
Europe,Methane,2018,1779.349695181
Australia and New Zealand,Nitrous oxide,2019,57.74051010400001
G7,Methane,2020,1963.205562785
Asia,Carbon dioxide,2014,40569.7818225
Africa,Methane,2021,2667.486828336
G7,Greenhouse gas,2021,20317.3319161
