country,Year,Indicator,Forest_change,gdp_value
Australia,2010,Forest area,129546.1,986.31184918
Australia,2011,Forest area,130255.78,1037.71052102
Australia,2012,Forest area,130965.46,1042.1779353
Australia,2013,Forest area,131675.14,1153.22720217
Australia,2014,Forest area,132384.82,1166.23366996
Australia,2015,Forest area,133094.5,1172.96773972
Australia,2016,Forest area,134037.2,1263.38602157
Australia,2017,Forest area,134017.4,1299.12530732
Australia,2018,Forest area,134005.1,1379.31443024
Australia,2019,Forest area,134005.1,1393.9752448899999
Canada,2010,Forest area,347322.21,1403.6784728900002
Saudi Arabia,2010,Forest area,977,1464.5350122
Canada,2011,Forest area,347280.91,1472.47384385
Australia,2020,Forest area,134005.1,1492.7002670800002
Spain,2010,Forest area,18545.34,1507.29730669
Canada,2012,Forest area,347239.61,1510.3858440800002
Spain,2012,Forest area,18547.676,1515.3788823500001
Spain,2011,Forest area,18546.508,1521.46731509
Saudi Arabia,2016,Forest area,977,1521.9618544
Spain,2013,Forest area,18548.844,1545.02510668
Saudi Arabia,2015,Forest area,977,1591.3230715999998
Spain,2014,Forest area,18550.012,1592.54536567
Canada,2013,Forest area,347198.31,1598.42125946
Saudi Arabia,2017,Forest area,977,1613.75359383
Canada,2015,Forest area,347115.71,1639.52089637
Saudi Arabia,2011,Forest area,977,1642.87578568
Spain,2015,Forest area,18551.18,1656.77049061
Canada,2014,Forest area,347157.01,1667.1504919400002
Saudi Arabia,2020,Forest area,977,1674.91180125
Saudi Arabia,2018,Forest area,977,1692.80032381
Canada,2016,Forest area,347076.04,1724.56576477
Saudi Arabia,2019,Forest area,977,1727.64988824
Saudi Arabia,2012,Forest area,977,1730.1647463200002
Saudi Arabia,2013,Forest area,977,1736.72131222
Spain,2016,Forest area,18555.24,1771.44922591
Saudi Arabia,2014,Forest area,977,1779.4752570399999
Canada,2017,Forest area,347039.05,1814.08034516
Spain,2020,Forest area,18572.17,1839.00200553
Canada,2020,Forest area,346928.1,1842.1663582799997
Spain,2017,Forest area,18559.3,1882.3719436299998
Canada,2018,Forest area,347002.07,1902.9805664199998
Canada,2019,Forest area,346965.08,1923.59249554
Spain,2018,Forest area,18563.59,1946.2267893
Spain,2019,Forest area,18567.88,2075.06030895
Italy,2010,Forest area,9028.04,2118.8345147699997
Italy,2012,Forest area,9135.656,2208.47448196
Italy,2011,Forest area,9081.848,2209.37328952
Italy,2013,Forest area,9189.464,2223.64453235
Italy,2014,Forest area,9243.272,2236.7323850599996
Italy,2015,Forest area,9297.08,2278.12881482
United Kingdom,2010,Forest area,3059,2326.9717935000003
France,2010,Forest area,16419,2370.46793785
United Kingdom,2011,Forest area,3078.2,2391.9787589
Italy,2016,Forest area,9350.89,2460.9393636199998
United Kingdom,2012,Forest area,3097.4,2480.80365568
France,2011,Forest area,16502.4,2483.9224935400002
France,2012,Forest area,16585.8,2511.68948507
Italy,2017,Forest area,9404.7,2559.13593433
United Kingdom,2013,Forest area,3116.6,2602.16326728
Italy,2020,Forest area,9566.13,2607.94554498
Italy,2018,Forest area,9458.51,2643.75453514
France,2013,Forest area,16669.2,2648.05197764
France,2014,Forest area,16752.6,2702.17693249
United Kingdom,2014,Forest area,3135.8,2707.9453150599998
France,2015,Forest area,16836,2759.32502031
Italy,2019,Forest area,9512.32,2781.37710692
United Kingdom,2015,Forest area,3155,2809.7351041599995
Brazil,2010,Forest area,511580.7,2813.28624431
France,2016,Forest area,16919.4,2906.9615755600003
United Kingdom,2016,Forest area,3159,2936.3568631000003
Brazil,2016,Forest area,502082.1,2953.42031209
Brazil,2011,Forest area,510041.52,2985.7405003999997
Brazil,2012,Forest area,508502.34,3013.6544886499996
France,2017,Forest area,17002.8,3027.45560756
Brazil,2015,Forest area,503884.8,3029.5711395999997
Brazil,2017,Forest area,500091.6,3032.30797198
United Kingdom,2017,Forest area,3164,3087.95319738
United Kingdom,2020,Forest area,3190,3115.1688146799997
Brazil,2013,Forest area,506963.16,3149.56279014
Brazil,2018,Forest area,499051.4,3161.04206359
France,2018,Forest area,17086.2,3171.7167939899996
United Kingdom,2018,Forest area,3173,3176.7554772
Brazil,2014,Forest area,505423.98,3202.9551678899998
Germany,2010,Forest area,11409,3224.94289338
Brazil,2020,Forest area,496619.6,3228.2713484299998
Brazil,2019,Forest area,497798.5,3256.74143875
France,2020,Forest area,17253,3310.8787776100003
United Kingdom,2019,Forest area,3182,3336.9820827099998
France,2019,Forest area,17169.6,3453.3856211700004
Germany,2011,Forest area,11411,3457.56147913
Germany,2012,Forest area,11413,3530.59398905
Germany,2013,Forest area,11415,3673.5530048399996
Germany,2014,Forest area,11417,3854.1258014000005
Germany,2015,Forest area,11419,3936.69145316
Germany,2016,Forest area,11419,4215.74938872
Germany,2017,Forest area,11419,4439.80066637
Japan,2010,Forest area,24966,4560.74413072
Germany,2018,Forest area,11419,4631.2522540499995
Japan,2011,Forest area,24961.6,4665.61547327
Germany,2020,Forest area,11419,4751.2403361100005
Germany,2019,Forest area,11419,4827.907008689999
Japan,2012,Forest area,24957.2,4837.24155599
Japan,2013,Forest area,24952.8,5061.027786590001
Japan,2014,Forest area,24948.4,5074.01438247
India,2010,Forest area,69496,5174.905846885
Japan,2016,Forest area,24940,5199.543118529999
Japan,2015,Forest area,24944,5240.824004550001
Japan,2017,Forest area,24935,5303.78618862
Japan,2020,Forest area,24935,5304.92001939
Japan,2018,Forest area,24935,5386.32552212
Japan,2019,Forest area,24935,5395.32597208
India,2011,Forest area,69762.4,5622.9859661109995
India,2012,Forest area,70028.8,6158.137726075999
India,2013,Forest area,70295.2,6482.695433752
India,2014,Forest area,70561.6,6786.374010977
India,2015,Forest area,70828,7165.3788361120005
India,2016,Forest area,71094.4,7740.956267744999
India,2017,Forest area,71360.8,8283.233288721001
India,2020,Forest area,72160,9011.763124897
India,2018,Forest area,71627.2,9028.412291231001
India,2019,Forest area,71893.6,9533.341116936
United States,2010,Forest area,308720,15097.54028973
United States,2011,Forest area,308995,15649.68290765
United States,2012,Forest area,309270,16305.61499166
United States,2013,Forest area,309545,16896.31252197
United States,2014,Forest area,309820,17605.60136823
United States,2015,Forest area,310095,18262.54360923
United States,2016,Forest area,310095,18752.698691520003
United States,2017,Forest area,309795,19536.92623392
United States,2018,Forest area,309795,20595.50761283
United States,2020,Forest area,309795,21123.954861219998
United States,2019,Forest area,309795,21445.666272399998
